{"name":null,"assets":"aoy4:pathy25:assets%2Fdata%2Fbackg.pngy4:sizei4514y4:typey5:IMAGEy2:idR1y7:preloadtgoR0y25:assets%2Fdata%2Fblood.pngR2i2207R3R4R5R7R6tgoR0y34:assets%2Fdata%2Fdata-goes-here.txtR2zR3y4:TEXTR5R8R6tgoR0y27:assets%2Fdata%2Fhurttom.pngR2i12977R3R4R5R10R6tgoR0y28:assets%2Fdata%2Fpunchtwo.pngR2i2713R3R4R5R11R6tgoR0y27:assets%2Fdata%2Ftomhurt.pngR2i17019R3R4R5R12R6tgoR0y27:assets%2Fdata%2Ftomidle.pngR2i12977R3R4R5R13R6tgoR0y34:assets%2Fdata%2Ftomspritesheet.pngR2i7241R3R4R5R14R6tgoR0y29:assets%2Fdata%2Fwrappunch.pngR2i1101R3R4R5R15R6tgoR0y36:assets%2Fimages%2Fimages-go-here.txtR2zR3R9R5R16R6tgoR2i11071737R3y5:MUSICR5y24:assets%2Fmusic%2FHot.mp3y9:pathGroupaR18hR6tgoR0y36:assets%2Fmusic%2Fmusic-goes-here.txtR2zR3R9R5R20R6tgoR2i294164R3y5:SOUNDR5y34:assets%2Fsounds%2Fpunch_sound1.wavR19aR22hR6tgoR2i610138R3R21R5y35:assets%2Fsounds%2Fpunch_special.wavR19aR23hR6tgoR2i9556R3R17R5y25:assets%2Fsounds%2Frip.mp3R19aR24y25:assets%2Fsounds%2Frip.wavhR6tgoR2i118828R3R21R5R25R19aR24R25hgoR2i12303R3R17R5y28:assets%2Fsounds%2Fsmack1.mp3R19aR26hR6tgoR2i6151R3R17R5y28:assets%2Fsounds%2Fsmack2.mp3R19aR27hR6tgoR2i10486R3R17R5y28:assets%2Fsounds%2Fsmack3.mp3R19aR28hR6tgoR2i15501R3R17R5y28:assets%2Fsounds%2Fsmack4.mp3R19aR29hR6tgoR2i15501R3R17R5y28:assets%2Fsounds%2Fsmack5.mp3R19aR30hR6tgoR0y36:assets%2Fsounds%2Fsounds-go-here.txtR2zR3R9R5R31R6tgoR2i4505R3R17R5y35:assets%2Fsounds%2Fsound_TomHit1.mp3R19aR32hR6tgoR2i6331R3R17R5y36:assets%2Fsounds%2Fsound_TomHit10.mp3R19aR33hR6tgoR2i6044R3R17R5y36:assets%2Fsounds%2Fsound_TomHit11.mp3R19aR34hR6tgoR2i4505R3R17R5y35:assets%2Fsounds%2Fsound_TomHit2.mp3R19aR35hR6tgoR2i5574R3R17R5y35:assets%2Fsounds%2Fsound_TomHit3.mp3R19aR36hR6tgoR2i6017R3R17R5y35:assets%2Fsounds%2Fsound_TomHit4.mp3R19aR37hR6tgoR2i5469R3R17R5y35:assets%2Fsounds%2Fsound_TomHit5.mp3R19aR38hR6tgoR2i5158R3R17R5y35:assets%2Fsounds%2Fsound_TomHit6.mp3R19aR39hR6tgoR2i5913R3R17R5y35:assets%2Fsounds%2Fsound_TomHit7.mp3R19aR40hR6tgoR2i5339R3R17R5y35:assets%2Fsounds%2Fsound_TomHit8.mp3R19aR41hR6tgoR2i5965R3R17R5y35:assets%2Fsounds%2Fsound_TomHit9.mp3R19aR42hR6tgoR2i2114R3R17R5y26:flixel%2Fsounds%2Fbeep.mp3R19aR43y26:flixel%2Fsounds%2Fbeep.ogghR6tgoR2i39706R3R17R5y28:flixel%2Fsounds%2Fflixel.mp3R19aR45y28:flixel%2Fsounds%2Fflixel.ogghR6tgoR2i5794R3R21R5R44R19aR43R44hgoR2i33629R3R21R5R46R19aR45R46hgoR2i15744R3y4:FONTy9:classNamey35:__ASSET__flixel_fonts_nokiafc22_ttfR5y30:flixel%2Ffonts%2Fnokiafc22.ttfR6tgoR2i29724R3R47R48y36:__ASSET__flixel_fonts_monsterrat_ttfR5y31:flixel%2Ffonts%2Fmonsterrat.ttfR6tgoR0y33:flixel%2Fimages%2Fui%2Fbutton.pngR2i519R3R4R5R53R6tgoR0y36:flixel%2Fimages%2Flogo%2Fdefault.pngR2i3280R3R4R5R54R6tgh","rootPath":null,"version":2,"libraryArgs":[],"libraryType":null}